"ID","GB_ACC","Name","SPOT_ID","logFC","AveExpr","t","P.Value","adj.P.Val","B"
"10301","H53489","Hs.1012_C4BP","",1.66064751625,2.37141362307692,5.21586938710952,1.43123559193888e-05,0.0680339857011471,2.95698302183657
"49","H10437","","",-1.12205782653846,-0.390568255227273,-5.23537655155307,2.09957386206533e-05,0.0680339857011471,2.55887631872673
"1991","H10810","Hs.490892_ANGPT","",-0.796877019725,-0.491099661692308,-4.90026222432613,3.42704408379174e-05,0.0680339857011471,2.2073488711466
"495","","","--BLANK",0.5298010775625,0.210167711346154,4.79892970880553,4.53544874879541e-05,0.0680339857011471,1.96611677114594
"17256","H29522","Hs.503594_AMOTL","",0.8443828483875,-0.142953778807692,4.73096812808887,5.4725071413124e-05,0.0680339857011471,1.80428790851672
"5404","AA043306","","",-0.7457807165625,0.651590183576923,-4.71153758534274,5.77425110674417e-05,0.0680339857011471,1.75802111401961
"10402","W20504","Hs.512690_SFTP","",1.87492315,4.17731561153846,4.62118004100288,7.4099118845504e-05,0.0680339857011471,1.54291058620794
"14031","AA128279","","",-0.966568182925,0.349990479807692,-4.61857396101115,7.46337036454439e-05,0.0680339857011471,1.53670805689311
"2729","T75327","Hs.494648_TEX1","",-1.13252036133333,-1.5922760488,-4.62239955068018,7.95084956464612e-05,0.0680339857011471,1.47880746765934
"2875","R89543","Hs.445892_SEC22L","",0.7426033125,0.584217288846154,4.54217890391395,9.21277831673071e-05,0.0680339857011471,1.35495064649708
"8671","T95563","","",-0.7643719544375,-0.00571649819230769,-4.5398385925017,9.27236003634837e-05,0.0680339857011471,1.34938494872203
"18212","N79346","Hs.128959_PCF1","",-0.970746765625001,-0.725853025,-4.53194543916147,9.47614623830934e-05,0.0680339857011471,1.33061473608482
"1471","W79028","Hs.458437","",-0.71367366435,-0.188891012846154,-4.51422457276881,9.95000504286285e-05,0.0680339857011471,1.2884807920553
"16282","W01973","Hs.284630_TBC1D1","",0.821093003375,0.191641287076923,4.51144720649143,0.000100263745953712,0.0680339857011471,1.28187810727664
"9839","","","--UNRESOLVE",-0.7560626106875,0.174569020115385,-4.51107940444659,0.000100365316126125,0.0680339857011471,1.2810037436381
"8285","R23053","Hs.49787_LTBP","",-1.70345925555556,-1.39460531666667,-4.66995500461722,9.87600976105615e-05,0.0680339857011471,1.25350463408536
"3915","R55942","Hs.4267_LOC28424","",-0.7102282932,-0.12511500212,-4.48619124548461,0.000115066853300161,0.0680339857011471,1.16099515064181
"18217","N98256","Hs.283416_PRRX","",-0.6006711506875,-0.0172989180384615,-4.44911497638262,0.000119018870845133,0.0680339857011471,1.13376741074501
"2775","T83672","Hs.533683_FGFR","",-0.4624947175,-0.104822040346154,-4.42696842283593,0.000126488140076737,0.0680339857011471,1.08118147564073
"1663","R31008","","",-0.850222420225,-0.591245827461538,-4.42048662235912,0.00012876081791956,0.0680339857011471,1.06579489473089
"9611","N46675","Hs.201859_ZC3HDC","",-0.63828081125,-0.186350934038462,-4.38934429638844,0.000140256875545951,0.0680339857011471,0.991896773217858
"5878","BI457624","Hs.517436_YPEL","",0.6149721191875,-0.114286859961538,4.37867776691773,0.000144423583028075,0.0680339857011471,0.966597170571696
"4305","R51396","Hs.147770_ITGB1BP","",1.09018396725,-0.180689928615385,4.37819232109277,0.000144616103165419,0.0680339857011471,0.965445898514516
"18481","H13748","Hs.183114_FLJ1031","",-0.5777636544,0.0917646816538462,-4.37240404432205,0.000146931312413284,0.0680339857011471,0.951719520394103
"2743","R21289","Hs.503743_GRIA","",-1.522613460625,-1.09894464884615,-4.34196048887886,0.000159725654901151,0.0680339857011471,0.879555712036839
"12277","H45010","Hs.467662_DDEF","",-0.697321606125,-0.114082790384615,-4.3245425160989,0.000167535327204917,0.0680339857011471,0.838292011773643
"14203","","","--BLANK",0.64772210965,0.240797926423077,4.2780798679949,0.000190263288256106,0.0680339857011471,0.728313718993156
"4605","AA203268","Hs.325528_DOCK","",-0.7720238856,-0.0869331913076923,-4.26189958067632,0.000198873010767514,0.0680339857011471,0.690048510632349
"17522","AA149547","Hs.183390_ZNF61","",-0.863011048466667,-0.49279884308,-4.27730226225616,0.000202455419829966,0.0680339857011471,0.674591529787661
"18408","H09454","Hs.31121_SNTA","",0.861171669625,-0.457290222307692,4.24898088232802,0.000206022587011773,0.0680339857011471,0.659510077764668
"1317","H26657","Hs.334674_SMC","",0.63593231205,0.198176758961538,4.23587695504925,0.000213533947871653,0.0680339857011471,0.628546286278709
"9511","H27257","Hs.11355_TMP","",-0.711951855,-0.527167048461539,-4.22799218379829,0.000218183255777571,0.0680339857011471,0.609921267058824
"12019","W89167","Hs.424184_PLG","",-0.877630043840278,0.14917511172,-4.24273897324286,0.000222231192792326,0.0680339857011471,0.585293617821835
"5489","H16553","","",0.6065912376875,-0.0769804635,4.21049085089279,0.000228863095539404,0.0680339857011471,0.568597647537169
"12537","H10763","Hs.146438","",-0.766000144825,-0.432765320307692,-4.20944568258597,0.00022951696715179,0.0680339857011471,0.566130590828773
"9703","","","--BLANK",-1.0169983215625,0.646448256538461,-4.20431415549854,0.000232754163019921,0.0680339857011471,0.554019199481451
"12793","W88779","Hs.59125_LOC12871","",-0.767219420625,0.158313886923077,-4.19926747675908,0.000235981764701338,0.0680339857011471,0.542110138477726
"3582","T99420","","",-1.06994106575,0.370993895269231,-4.19813996733207,0.000236708876290415,0.0680339857011471,0.539449745153727
"6173","AA479395","Hs.473394_C21orf3","",-0.48474937,0.0363538193846154,-4.18651148967851,0.000244338035208079,0.0680339857011471,0.512018096069767
"1678","H02110","","",-0.98325440335,0.0349378052692308,-4.18184604641691,0.00024746664788431,0.0680339857011471,0.501015451926158
"16161","H30091","","",-0.9926721845,0.106822044538462,-4.17736865764617,0.000250506294961393,0.0680339857011471,0.490458029873733
"8725","R88526","Hs.414579_SCOTI","",0.96476806725,-0.220132575,4.16511966789263,0.000259011411549962,0.0680339857011471,0.461584396483798
"8517","AA127934","Hs.390788_PRK","",-0.5520801899375,0.267452490653846,-4.15739309351071,0.000264522166006578,0.0680339857011471,0.443377830724844
"3","BM549033","Hs.159410_MOCS","",1.166012307125,-0.543472824846154,4.15666522033589,0.000265047219161262,0.0680339857011471,0.441662973135585
"6926","AA045144","Hs.1925_DSG","",-0.6755435860625,0.0775344721153846,-4.14934308230596,0.000270386542689459,0.0680339857011471,0.424414757543484
"7351","AA099691","","",-0.6860987524125,0.286962777730769,-4.14709372122784,0.000272047968738632,0.0680339857011471,0.419117070098587
"9024","R60453","Hs.26745_MGC1337","",0.7155852929375,-0.335319661730769,4.14559650142255,0.000273159420643457,0.0680339857011471,0.415591076380207
"1027","N48524","Hs.501203_TIAL","",-0.5768784281,-0.0565800065,-4.14358108894193,0.000274662619164034,0.0680339857011471,0.410845045402582
"16224","H80354","Hs.282050_FLJ3126","",0.849624077049999,1.42967615257692,4.13690080965982,0.000279703643788258,0.0680339857011471,0.395116515851965
"12468","AA150120","Hs.381126_RPS1","",-1.217333787375,0.43323070208,-4.15562464900595,0.000280949652712191,0.0680339857011471,0.384344870032321
"4028","R71067","Hs.162757_LRP","",0.8368574258,0.916600614307692,4.13153503156291,0.000283818658922617,0.0680339857011471,0.382485915177841
"3805","W78793","Hs.26139_EPS","",-0.578413677725,0.026528755,-4.12838268746226,0.000286263946778179,0.0680339857011471,0.375066802904596
"8251","T72689","","",-0.519136140875,0.268729132615385,-4.12584590223652,0.000288246804910129,0.0680339857011471,0.369097096814237
"1970","R53686","Hs.319481_MAST","",0.6046185596375,0.0929673440769231,4.11750496688906,0.000294862290405531,0.0680339857011471,0.349473014910842
"17649","H19026","Hs.164578","",-0.648491064214286,-0.118022150625,-4.15807438042396,0.000295942779908558,0.0680339857011471,0.347757359882338
"791","R55696","Hs.21554_KIAA110","",-0.779709807,-0.1945827032,-4.13326035917892,0.000298346484709546,0.0680339857011471,0.340510279900444
"11144","","","--BLANK",1.7118420635625,0.00302943388461536,4.11149097171291,0.000299724764688864,0.0680339857011471,0.335327738670151
"9080","R22632","Hs.475502_FLJ1103","",-0.779596169425001,-1.27419899757692,-4.09231858052133,0.000315759303518959,0.0680339857011471,0.29025659686757
"10953","BQ066094","Hs.515271_SFRS1","",1.14512323235,-0.421422580692308,4.0920741949242,0.000315969048080806,0.0680339857011471,0.289682320597803
"3673","H39942","Hs.514167_KRT1","",1.697116484875,-1.26349608269231,4.09052889452324,0.000317298485176132,0.0680339857011471,0.286051191749888
"12035","AA039425","Hs.201925","",-0.8340493969375,-0.0731994438461538,-4.08740794096299,0.000320000284355128,0.0680339857011471,0.278718340973641
"2418","R00922","Hs.509909_NUM","",-0.93069714375,-0.120978172846154,-4.07234758173292,0.000333359577088369,0.0680339857011471,0.243347078158873
"8206","R20699","Hs.12409_SS","",-0.990238788875,-0.664083889230769,-4.07058975465009,0.000334954185888102,0.0680339857011471,0.239220101886408
"10315","H44693","Hs.496222_RALGPS","",-0.56806524075,-0.155117175192308,-4.05111077345004,0.000353134678581993,0.0680339857011471,0.19350954779273
"13172","W21253","Hs.31474","",0.829200708180556,0.94397606068,4.06999370618906,0.00035352331214307,0.0680339857011471,0.187355690276297
"4064","H44822","","",0.556112809875,0.220213554615385,4.04067631046107,0.000363269261707479,0.0680339857011471,0.169040028475724
"17945","AA150780","","",-0.6999444984875,-0.0698462536923077,-4.04042367164904,0.000363518152923344,0.0680339857011471,0.16844771962229
"18148","","","--UNRESOLVE",-0.5559082851625,0.249900092846154,-4.03892214161551,0.000365000872999926,0.0680339857011471,0.164927542921606
"8317","H45355","","",-0.59068539925,0.224048611769231,-4.03825036010957,0.000365666162797601,0.0680339857011471,0.163352702661088
"16849","R59684","","",0.944760701625,0.66156607,4.03805056944798,0.000365864252723052,0.0680339857011471,0.16288434802261
"9466","R36393","Hs.135763_STIM","",0.7637376966875,-0.142950672269231,4.03272866999287,0.00037117985917165,0.0680339857011471,0.150410219736233
"17991","R59251","Hs.522639_SUV39H","",1.302557085875,-0.229618997692308,4.03199976698134,0.000371913786964185,0.0680339857011471,0.148701969095606
"16318","W85973","","",-0.5961920793125,0.0508017430769231,-4.02404622505383,0.000380015452022749,0.0680339857011471,0.130065947338193
"6367","H41755","Hs.476595_ATXN","",-0.6494034693,-0.0241408948846154,-4.02318419016965,0.000380903892793403,0.0680339857011471,0.128046528479878
"12758","AI951023","Hs.313471_KIAA168","",0.5489178827375,-0.336156127153846,4.02166310983445,0.000382476549003049,0.0680339857011471,0.12448342069467
"761","H89876","","",-0.805978970625,-0.274385181346154,-4.01164594570546,0.00039299393784311,0.0680339857011471,0.101024884451307
"2919","","","--BLANK",0.85370940625,-1.80823846538462,4.00577371188216,0.000399291002414473,0.0680339857011471,0.0872783995161175
"4506","BG529617","Hs.356502_RPLP","",0.9943016675,-1.23673026076923,3.99428984531936,0.000411893494878416,0.0680339857011471,0.0604069908427007
"14806","","","--BLANK",1.004423463875,-0.449890029,3.98287904719511,0.000424802535757406,0.0680339857011471,0.0337218742845202
"9000","BM785008","Hs.155829_KIAA067","",0.81916141725,-0.199773792807692,3.97581957762904,0.000432986979827709,0.0680339857011471,0.0172204713805826
"778","R13487","","",-0.7847604621875,-0.399234171192308,-3.97426328893744,0.000434811994790427,0.0680339857011471,0.0135834767746799
"16852","T85025","","",-0.54344027795,-0.364855624730769,-3.97023154574578,0.000439575100737752,0.0680339857011471,0.00416279176708834
"14867","R35167","Hs.128316_BAIAP","",0.71952914375,-0.180051121115385,3.96590865063079,0.000444739079633411,0.0680339857011471,-0.00593600958585316
"1397","BF175468","","",1.8751998852875,-0.565696520423077,3.96354476012768,0.000447588036444684,0.0680339857011471,-0.0114573743073674
"7516","H03904","","",-0.75981381665,-0.327236521923077,-3.95942389460307,0.000452597387773353,0.0680339857011471,-0.0210808810802199
"6250","BM827304","Hs.516095_SMYD","",0.66733543755,-0.358783788230769,3.95461284311314,0.000458515378157105,0.0680339857011471,-0.0323135295015993
"1195","R19755","Hs.436550_FLJ3399","",-0.554073414,-0.0277027444,-3.97120370262026,0.000460384074380399,0.0680339857011471,-0.0333682212588666
"12104","R20832","Hs.531581_GPR15","",0.628318376444444,0.73828418448,3.97026324261642,0.000461540556905804,0.0680339857011471,-0.0412533473527565
"13728","T83443","Hs.503048_IGHMBP","",1.071017543125,-0.331016646153846,3.95039630265817,0.000463764463405272,0.0680339857011471,-0.0421557677418152
"502","R06686","Hs.503993","",-0.5831028699625,-0.0649334869615385,-3.94914044374317,0.000465339221123847,0.0680339857011471,-0.0450867604433425
"5959","BM714882","Hs.303208_SH2D4","",0.820220822750001,0.729175616538462,3.9460314435563,0.000469260292012217,0.0680339857011471,-0.0523418635355268
"3541","H08671","Hs.436319_PARV","",1.01443279565,0.246548713884615,3.94584204233559,0.000469500209573387,0.0680339857011471,-0.0527838072386109
"1822","W04859","Hs.402201","",-0.428146289875,-0.0234543609230769,-3.94259233237893,0.000473635464829217,0.0680339857011471,-0.0603658866995094
"12733","N52685","","",0.505199274866666,-0.26410687428,3.95785313973118,0.000477071325750728,0.0680339857011471,-0.0640538474423193
"3307","","","--BLANK",-0.80062819425,-0.188905855384615,-3.93955032402994,0.000477538787324832,0.0680339857011471,-0.0674621528013457
"4517","N77703","Hs.492716_MGC2165","",-0.684673916375,-0.235230393692308,-3.92574653431512,0.000495651077267788,0.0680339857011471,-0.0996481546428987
"12456","","","--BLANK",0.40337054375,-0.229551420076923,3.92531102855871,0.000496233343796374,0.0680339857011471,-0.100663213842914
"12958","R05601","Hs.435610_WA","",-0.55493747525,-0.143983875769231,-3.9242828777923,0.000497610632624593,0.0680339857011471,-0.103059488207697
"7294","W32131","Hs.91085_FLJ3496","",0.58145021625,0.463303872692308,3.92208703642781,0.000500564698392921,0.0680339857011471,-0.10817679631842
"8373","H53170","Hs.148989_CGNL","",1.04304356,1.67548265,3.92080234250528,0.000502300963297708,0.0680339857011471,-0.111170425000583
"2628","W93001","Hs.437941_C14orf10","",-0.9263635532375,0.192492850884615,-3.91811589866917,0.000505950800614562,0.0680339857011471,-0.117429750951161
"7783","","","--BLANK",-0.5947487544,0.0752406344230769,-3.9129081120143,0.000513100375835651,0.0680339857011471,-0.129561019461524
"3051","","","--UNRESOLVE",-0.880141938725,-0.0837248378461539,-3.91029345570801,0.000516727191649874,0.0680339857011471,-0.135650373814691
"8032","N75101","","",0.917400744357143,-0.488745743818182,3.99251317059542,0.000513737751404853,0.0680339857011471,-0.138531389366034
"10007","W07741","Hs.502915_BBS","",0.918222865075,0.287210306461538,3.90702340646463,0.000521298491901995,0.0680339857011471,-0.143264814698639
"3732","N53777","Hs.12967_SYNE","",-0.9486799784375,-0.0375281836538462,-3.90544718719685,0.000523516071343259,0.0680339857011471,-0.146934595229597
"17130","AA148531","Hs.458609_DPP","",-0.8777681254,-0.0204721848461538,-3.90271869273564,0.000527376659339272,0.0680339857011471,-0.15328633660571
"10430","W56877","Hs.437379_DDEFL","",0.565823027,0.0809471748461539,3.90215741981414,0.000528174266097782,0.0680339857011471,-0.154592816287215
"11921","","","--BLANK",0.604293576375,-0.0820084849230769,3.90201892697708,0.000528371255556016,0.0680339857011471,-0.154915180714627
"13741","R07406","","",-0.7512062298875,-0.0412398406538462,-3.89923345018754,0.000532348584557943,0.0680339857011471,-0.161398279470919
"10997","T82272","","",-0.870607949775,0.104716604576923,-3.89812100423966,0.000533945210552515,0.0680339857011471,-0.163987165792697
"4642","","","--BLANK",-0.565943342,0.236024480153846,-3.89687716981999,0.00053573596740123,0.0680339857011471,-0.166881621579994
"13936","N80119","Hs.407358","",-0.685665056475,0.104130827538462,-3.89588227781073,0.000537172555306797,0.0680339857011471,-0.169196627018646
"4271","H70046","Hs.497220_RGS1","",-0.6130938345,0.206982813181818,-3.96531946308076,0.000550701466800429,0.0680339857011471,-0.183554229948053
"8065","AA040403","Hs.60371","",0.8300868745,0.25169657,3.88854236343455,0.000547888406102914,0.0680339857011471,-0.186271650317091
"3593","","","--CONTROL_NEGATIVE",0.7557743099375,0.0167025847083333,3.92832068939637,0.000542636770369798,0.0680339857011471,-0.186579812765991
"10947","T80552","Hs.335163_KIAA110","",1.651939442,2.81518510115385,3.88734190153837,0.000549660826240579,0.0680339857011471,-0.189063614308946
"14544","BG218793","Hs.202676_SYCP","",-0.60040025225,0.0894937656923077,-3.88318628178548,0.000555839870742748,0.0680339857011471,-0.198726982696795
"7892","R31207","Hs.52264","",-0.7045464821625,-0.130033326846154,-3.88147265179771,0.00055840765810694,0.0680339857011471,-0.20271111955261
"4420","BG255790","Hs.433419_COX4I","",0.800667144625,-0.611651058153846,3.87727530739379,0.000564746350843646,0.0680339857011471,-0.212468098262452
"4274","H64825","Hs.379970_RASSF","",-0.7143285367,0.37632489128,-3.89263501910911,0.000567519578948353,0.0680339857011471,-0.213665301029363
"7962","","","--BLANK",0.84383239025,-0.0504662285769231,3.87582343980764,0.000566955276147228,0.0680339857011471,-0.215842481798891
"3429","","","--CONTROL_NEGATIVE",1.197913261875,0.506997756923077,3.87339543548225,0.000570668254607856,0.0680339857011471,-0.221484913905686
"11078","","","--BLANK",1.918348742875,-0.466589352692308,3.87011344212559,0.000575725052315331,0.0680339857011471,-0.229110617805038
"6984","BF448352","Hs.461030_MGC1133","",-1.1577789674375,0.378133978423077,-3.86995181471768,0.000575975213476503,0.0680339857011471,-0.22948611967472
"13568","AA010233","Hs.497788_EPR","",-0.728049710125,-0.324938238846154,-3.86743681554633,0.000579881581885875,0.0680339857011471,-0.235328633571653
"10022","BM876583","Hs.533977_TXNI","",2.622442596625,1.30836489269231,3.86325785893441,0.00058642989566677,0.0680339857011471,-0.245034660276337
"11100","H47397","Hs.80720_GAB","",1.00791787525,1.521224795,3.86165842361376,0.00058895527961716,0.0680339857011471,-0.248748847473998
"4229","","","--BLANK",-0.4637026225625,0.211685716961538,-3.85813080782239,0.000594562806956945,0.0680339857011471,-0.256939343396789
"3578","R07679","Hs.17949","",-0.6717101753625,-0.0141944761153846,-3.84806853826345,0.000610846592162095,0.0680339857011471,-0.280292352137008
"1270","R32270","Hs.531561_EMP","",2.053242038625,2.16810411923077,3.84763854035373,0.000611552098053133,0.0680339857011471,-0.281289987341544
"14917","R09777","Hs.14770_BIN","",0.471981435125,0.561945886923077,3.84340126520926,0.000618547062725799,0.0680339857011471,-0.291119426229761
"713","AA135647","Hs.12813_TIPAR","",-0.7210544066875,0.184291596269231,-3.84088557368791,0.00062273698632857,0.0680339857011471,-0.296953977543673
"4141","BM750142","Hs.460179_SMG","",-0.5174714215625,-0.221636911730769,-3.83608445116423,0.000630810547313552,0.0680339857011471,-0.308086476672635
"9984","N73140","Hs.527348_AKAP","",-0.866942861875,-0.0824819746153846,-3.83582293256055,0.000631253245576724,0.0680339857011471,-0.30869277014905
"12589","BM562003","Hs.330742_SPPL2","",0.5042796885625,-0.171995147807692,3.83531664493174,0.000632111152469351,0.0680339857011471,-0.309866497009743
"4102","BM832831","","",1.8725214334125,-0.9395155955,3.83145599909202,0.000638690655831425,0.0680339857011471,-0.318815391702925
"8435","W38310","Hs.165830_EVI","",1.18778735075,1.245429305,3.82458359668224,0.000650569112419973,0.0680339857011471,-0.334740010987992
"14017","","","--BLANK",-1.16850399591667,-1.13291895217391,-3.88045139651493,0.000647614385320655,0.0680339857011471,-0.334746990653261
"15624","BF344110","Hs.113314_LOC38888","",0.896003127975,-0.520817633307692,3.81989701332843,0.000658793177423083,0.0680339857011471,-0.345595646683213
"13377","","","--BLANK",0.824675991875,-0.0931670739230769,3.81978720806564,0.000658987078787295,0.0680339857011471,-0.345849951549988
"829","BF984256","Hs.21765_FADS","",0.75480061175,-0.226442788846154,3.81954488249218,0.000659415190765096,0.0680339857011471,-0.346411162073021
"769","BG105426","Hs.477115_FLJ1134","",-0.5173635179125,0.224739219615385,-3.81880034118689,0.00066073226011802,0.0680339857011471,-0.348135416886417
"14156","R68708","Hs.507537_NUPL","",-0.6916848025,-0.154031946153846,-3.81027827929697,0.000675991959019586,0.0680339857011471,-0.36786537663343
"9495","R71543","","",-0.6851874988125,-0.0198180944230769,-3.8061260118044,0.000683551376850042,0.0680339857011471,-0.377474557625518
"12770","AA233113","Hs.302977_C12orf","",0.607108152,0.332391329615385,3.80186508669455,0.000691394513506458,0.0680339857011471,-0.387332453876726
"18359","W77949","Hs.1076_SPRR1","",-0.56092335035,-0.256857128615385,-3.80100456078581,0.0006929891376727,0.0680339857011471,-0.389322992020992
"14501","R60480","Hs.12272_BECN","",0.9431942144625,0.0061294905,3.79960931864178,0.00069558227730376,0.0680339857011471,-0.392550174660899
"3736","N76743","Hs.407926_AVO","",-0.6462979902125,0.00646100876923077,-3.7985677600918,0.000697524255765305,0.0680339857011471,-0.394959094698358
"3392","W53003","Hs.518545_RNASE","",0.869376653666667,0.7352514852,3.81287647546582,0.000701214950778868,0.0680339857011471,-0.395923046190064
"14710","BM803027","Hs.162233_CHD","",0.730911846090278,-0.45961742628,3.81297063728898,0.000701040224639812,0.0680339857011471,-0.399614227324973
"9451","T95449","Hs.24610","",-0.49850197175,0.0617706818461538,-3.79443638357467,0.000705279509437696,0.0680339857011471,-0.404512504241496
"16064","R59887","Hs.388715_LOC28573","",-0.790164226,-1.21261344772727,-3.86273682805015,0.000715310787230085,0.0680339857011471,-0.405946261815643
"10203","T83773","","",-0.692985497375,-0.140319836769231,-3.79261899025079,0.000708717676846179,0.0680339857011471,-0.408714212925541
"539","","","--BLANK",0.682045525285714,0.232475553826087,3.84258192538745,0.000714153674546819,0.0680339857011471,-0.410096350864187
"15569","BG618213","Hs.27836_FNDC","",-0.520480623875,-0.156643059038462,-3.790806128597,0.000712163587901676,0.0680339857011471,-0.412904932846735
"10458","AA043806","Hs.166539_ITGB3B","",-0.515619719025001,-0.553077984076923,-3.79065184625556,0.000712457604648463,0.0680339857011471,-0.413261557536948
"5591","R90829","","",0.61572936575,0.0933799119230769,3.78913988328667,0.000715345245641537,0.0680339857011471,-0.416756273784339
"13967","W78878","Hs.167805_EPC","",-1.090920342775,0.351457442846154,-3.78451497842934,0.000724249353830877,0.0680339857011471,-0.427443952024197
"14582","","","--BLANK",0.650251487225,0.295870014769231,3.78267711643857,0.000727817688932452,0.0680339857011471,-0.43169012945082
"11097","R94307","Hs.418822","",1.2589351125,2.66116375,3.78179542570003,0.000729535643153916,0.0680339857011471,-0.433726989903653
"9472","R23458","Hs.386283_ADAM1","",0.42181983635,0.0749457726538462,3.78075885867494,0.000731560437432728,0.0680339857011471,-0.436121485005473
"990","H72699","Hs.420757_GPATC","",-0.6483115075,-0.310526907692308,-3.77544139178323,0.000742034022212764,0.0680339857011471,-0.448402291173893
"14068","R11996","Hs.277154_GFM","",-0.4718945425875,-0.488438353192308,-3.77477522593095,0.000743356420860871,0.0680339857011471,-0.449940499632414
"9645","W32652","Hs.54037_ENPP","",1.16332555535714,1.61731414318182,3.84605666247735,0.000746315456847221,0.0680339857011471,-0.452987167817709
"10064","AA045274","Hs.11355_TMP","",-0.659610877325,0.168651528153846,-3.77041817768929,0.000752062490324208,0.0680339857011471,-0.459999386667056
"9315","","","--BLANK",0.869119178375,-0.181238451692308,3.76461000903911,0.000763823135715054,0.0680339857011471,-0.473403674406495
"4151","N92783","Hs.24907_CORO2","",-0.6794657175625,-0.178713803269231,-3.76437433872977,0.000764304104044568,0.0680339857011471,-0.473947447840223
"17723","","","--BLANK",1.081204008125,0.0081329876923077,3.76426119502601,0.000764535118714875,0.0680339857011471,-0.474208506567215
"407","T65350","Hs.521973_WDR1","",0.6098485704,-0.19969155996,3.77605600139837,0.000772909609415245,0.0680339857011471,-0.479773984532033
"11390","T80874","Hs.235069_RECQ","",-0.711734438875,-0.243677071923077,-3.75853121010237,0.00077632408127675,0.0680339857011471,-0.487426710966107
"13539","W05086","","",-0.5772539217875,-0.0131088000384615,-3.7583536926997,0.000776692128679877,0.0680339857011471,-0.487836131724141
"11415","T78275","Hs.126980","",-1.4886566144375,0.425281879884615,-3.7580841390857,0.000777251320828948,0.0680339857011471,-0.488457812228504
"2026","","","--BLANK",-1.32006779299145,-1.31054524727273,-3.82396176566745,0.000789429458229491,0.0680339857011471,-0.493368358672812
"1781","","","--UNRESOLVE",-0.634153350125,0.545971897538462,-3.75554680201865,0.000782534357654098,0.0680339857011471,-0.49430917862383
"1295","BQ006915","Hs.519818_MGAT","",0.741130128900001,1.09049262292308,3.75521891509873,0.000783219609852239,0.0680339857011471,-0.495065243926053
"3783","BM928282","Hs.506603_DIP13","",0.712430897375,0.348121292269231,3.75423175184171,0.000785286225125507,0.0680339857011471,-0.497341410332357
"7778","AW953488","Hs.221497_PRO014","",-0.781058537875,-0.0729414219230769,-3.754115044917,0.000785530901380373,0.0680339857011471,-0.497610498558256
"13772","R16964","Hs.534398_COMMD","",-0.629840963025,0.0471471786153846,-3.74802358377365,0.000798405496506918,0.0680339857011471,-0.51165233429919
"11859","R88505","Hs.103521_SR-A","",0.571094200035714,0.0187654930909091,3.81660861657362,0.000804314175550531,0.0680339857011471,-0.516026683577133
"1474","AA046822","Hs.53565","",-0.567474590875,0.248208936153846,-3.73966462930019,0.000816408291970167,0.0680339857011471,-0.530911182001972
"13691","R19768","Hs.172788_ARMCX","",1.02598741685,-0.266949451692308,3.73501862925657,0.000826585096211335,0.0680339857011471,-0.541610453857416
"13948","W24855","Hs.112444_TAF1","",0.7818619346,-0.0653747436923077,3.73477631687093,0.00082711925064997,0.0680339857011471,-0.542168376215264
"11669","AA040657","","",-0.7818491805625,0.286738480730769,-3.73380445638002,0.000829265010363509,0.0680339857011471,-0.544405978727456
"3562","T84865","Hs.443417_MIN","",-0.830288916125,-0.0944030023076923,-3.73278918576027,0.000831512415346515,0.0680339857011471,-0.546743359573035
"6739","R78823","Hs.517033_TGM","",1.478436938,2.11620440846154,3.73226863238923,0.000832667016724712,0.0680339857011471,-0.547941723336322
"14321","W05102","","",-0.5072143445375,-0.0557107667307692,-3.73188421915279,0.000833520659541212,0.0680339857011471,-0.548826650310023
"4889","","","--BLANK",-0.698451708275,-0.0826678794615385,-3.73094763435024,0.000835604051673498,0.0680339857011471,-0.550982583551457
"11564","N46627","Hs.411308_GALNTL","",-0.5372110848125,0.135307401192308,-3.73041499719598,0.000836791145153863,0.0680339857011471,-0.552208600288295
"7289","W48584","Hs.519568_P4HA","",0.6479256433875,-0.0557298743461538,3.72940447520545,0.000839047828510436,0.0680339857011471,-0.554534474659353
"2663","AA135928","Hs.301760_FRE","",0.608160969,-0.77069759,3.72922315459902,0.000839453378884046,0.0680339857011471,-0.554951794222424
"7545","AI820765","","",-0.737544040575,0.289027575461538,-3.72839306003036,0.000841312451262134,0.0680339857011471,-0.556862232883214
"6518","","","--BLANK",-0.6580710583375,-0.0837669737307692,-3.72673622783815,0.000845035094353419,0.0680339857011471,-0.560675037299524
"511","","","--UNRESOLVE",-0.7062501101875,-0.0373146619230769,-3.72590731811214,0.000846903550652341,0.0680339857011471,-0.562582401731622
"6901","","","--BLANK",0.6968193814375,-0.261493383961538,3.72028608128549,0.000859681208500049,0.0680339857011471,-0.575514092954935
"232","AW966938","Hs.211520_KIAA143","",-0.6324225063125,0.156736648192308,-3.71785427005116,0.000865267058290071,0.0680339857011471,-0.581106827623295
"2837","AA250896","","",-0.752668506625,-0.486087923461538,-3.71344878115627,0.000875476710150472,0.0680339857011471,-0.591236100995028
"15580","","","--UNRESOLVE",-0.789463626675,0.262032117038462,-3.71058590121573,0.000882174264044614,0.0680339857011471,-0.59781676496368
"2786","T80934","Hs.124366_BB","",-0.6589739153125,-0.0216753239230769,-3.70736630906012,0.000889766018197285,0.0680339857011471,-0.60521568940388
"4536","N44262","Hs.446559","",-0.5134367261125,-0.0790119319230769,-3.70602577280404,0.00089294573298423,0.0680339857011471,-0.608295840040165
"7593","","","--BLANK",0.552233695625,-0.215251018615385,3.70527226456906,0.000894737894432466,0.0680339857011471,-0.610027039795393
"2494","R94807","Hs.498732_PHY","",0.912991708,0.496946838076923,3.70490445740562,0.000895613968650595,0.0680339857011471,-0.610872048189562
"18553","H82166","Hs.278569_SNX1","",1.1335117459,-0.0762261361153846,3.70404253948477,0.000897670234989259,0.0680339857011471,-0.612852145900115
"13031","R49895","","",-0.784293774125,-0.0646772565384615,-3.70298460701752,0.00090020042279967,0.0680339857011471,-0.615282374913308
"1408","","","--BLANK",0.6624854055,-0.561484442538462,3.70144552769065,0.000903893756232688,0.0680339857011471,-0.618817523310256
"1042","","","--BLANK",0.84035248115,-0.0911008005,3.70009854915809,0.000907138222349155,0.0680339857011471,-0.621911092875505
"7464","T70759","Hs.548299","",-0.82998264545,-0.0483028293461539,-3.69492001320056,0.000919717802335142,0.0680339857011471,-0.633801551438194
"12835","BG403642","Hs.481166_CBR","",0.691707743038461,0.158224068904762,3.78184938301615,0.000927055191064225,0.0680339857011471,-0.633960896692471
"2100","R50299","Hs.529755_Sharpi","",0.654172237625,-0.831194266153846,3.69305966885355,0.000924278288215594,0.0680339857011471,-0.638071950548103
"6720","AV713606","Hs.356502_RPLP","",1.77886831333333,-1.423085241,3.70530076796004,0.000931354548378095,0.0680339857011471,-0.640346736247903
"15937","AA043544","","",-0.613813816375,0.141199863192308,-3.69189818850693,0.000927136731745104,0.0680339857011471,-0.640737807349416
"8368","H62270","Hs.38039_LGP","",0.5254123653625,0.258997750076923,3.69123187299969,0.000928780444217947,0.0680339857011471,-0.64226704322107
"15315","","","--UNRESOLVE",-0.854679210525,-0.150839814846154,-3.69081444976986,0.000929811618709498,0.0680339857011471,-0.643225015917408
"3951","W03772","Hs.18925_CRB","",-0.5769709464,0.110878073961538,-3.69072967257943,0.000930021182886109,0.0680339857011471,-0.643419573057431
"10393","N44006","Hs.440168_DSCR1L","",-0.424255736925,0.0210765453076923,-3.68643649685572,0.000940694053428931,0.0680339857011471,-0.653270424489721
"18607","W84819","Hs.270492_MLL","",-0.6674992925,0.0121018106153846,-3.68544694521238,0.000943170959854812,0.0680339857011471,-0.655540525710503
"18608","BM968759","Hs.520627_IQC","",-0.593448072375,0.0463413767307692,-3.6842807967856,0.000946098056023645,0.0680339857011471,-0.658215529750006
"3214","R25215","Hs.224282_LANCL","",0.64144778795,0.335996323576923,3.68190996678112,0.000952076282485487,0.0680339857011471,-0.663653184234883
"15951","AA028120","Hs.483793_FLJ3674","",-0.6488975094375,0.0174960117307692,-3.68184614320166,0.000952237726101343,0.0680339857011471,-0.663799554004594
"14273","AA436544","Hs.497822_DUSP1","",-0.37193979375,0.0427137400769231,-3.67945636342212,0.000958301977253483,0.0680339857011471,-0.669279632172033
"2860","BM794983","","",2.1406552331875,-0.605952072653846,3.67394103727501,0.00097244150430726,0.0680339857011471,-0.681923104884611
"11884","","","--BLANK",-1.08216878771154,0.533290329809524,-3.75857383747589,0.000982510683103437,0.0680339857011471,-0.682684080683282
"2618","BG749189","Hs.76686_GPX","",1.467499757875,-0.418961653923077,3.67129841891738,0.000979288139138909,0.0680339857011471,-0.687979177156433
"13940","AA037825","","",-0.718249971066667,0.055694015826087,-3.71811080359165,0.000983730622590041,0.0680339857011471,-0.688245902548299
"11080","R88496","Hs.438782_HDAC","",0.562082566175,-0.0231107005,3.67019053064446,0.000982172461540263,0.0680339857011471,-0.690517744084708
"7357","","","--BLANK",-0.530684236,-0.0684928384615385,-3.66929988514666,0.000984497202772283,0.0680339857011471,-0.692558369956265
"1372","H82010","","",-0.59485293625,-0.389338830384615,-3.66908931844343,0.000985047601616139,0.0680339857011471,-0.693040794483679
"1239","T70360","","",-0.9071108791875,-0.2098969705,-3.66727095636866,0.000989813089861003,0.0680339857011471,-0.697206468821709
"14788","AA101980","Hs.135052_ZNF3","",1.350191711375,0.007005465,3.66690740800407,0.000990768551926181,0.0680339857011471,-0.698039247805971
"6435","H66546","Hs.475963_CTDSP","",0.532984972625,0.0249124093846154,3.66575104217943,0.000993813638237151,0.0680339857011471,-0.700687971947048
"6684","T70368","Hs.13155_ITGB","",-0.6942472202,-0.155767063384615,-3.66523132616638,0.000995185185773197,0.0680339857011471,-0.701878333239742
"11238","W92173","Hs.380774_DDX3","",-0.815723923,0.0211614703846154,-3.66013562329489,0.00100873091417961,0.0680339857011471,-0.713546969378916
"7967","H84096","Hs.444314_C18orf1","",-0.8397636183125,0.651526966730769,-3.6594530468514,0.00101055896209906,0.0680339857011471,-0.715109640314463
"5935","R32376","","",1.184391649625,1.01642539576923,3.6561218592701,0.00101952679134538,0.0680339857011471,-0.722734744394361
"17156","AA132089","Hs.223296_FLJ2052","",-0.781540417875,-0.0487578034615385,-3.65406589451412,0.00102510023048025,0.0680339857011471,-0.727439843450523
"13594","AA036919","","",-1.0466453872,0.207960607153846,-3.65282399766561,0.00102848120004993,0.0680339857011471,-0.730281562828321
"4349","T70755","Hs.546271_PCBP","",0.5238422777,-0.0627842191153846,3.65198445762911,0.00103077293052518,0.0680339857011471,-0.732202445155553
"11740","BI666552","Hs.134665_SCHIP","",0.840808342775,0.211539880230769,3.64964333968156,0.00103718987467637,0.0680339857011471,-0.737558278468485
"9276","W85811","Hs.444403_PPP1R12","",-0.531470453666667,0.1627416614,-3.66198293933986,0.00104357010289002,0.0680339857011471,-0.738265939234312
"1398","N56650","","",-1.1566216449375,0.375633431884615,-3.64690797284896,0.00104473670865388,0.0680339857011471,-0.743814763295238
"18047","AA007641","Hs.172587_RAD51L","",-0.574628308825,0.0508101153846154,-3.64659632845727,0.00104559991450177,0.0680339857011471,-0.744527486067084
"2976","","","--BLANK",0.5531781021875,-0.970903886346154,3.64610391705695,0.00104696523150415,0.0680339857011471,-0.745653581716846
"15124","AW580814","Hs.458986_ZNF29","",0.608917835844445,0.381837479625,3.67184452507738,0.00105993452022781,0.0680339857011471,-0.749821275097768
"1102","AA028162","Hs.534852","",0.552841346500001,1.01132014788462,3.64385865031473,0.00105321274268572,0.0680339857011471,-0.750787712534718
"17910","AA203298","","",-0.710090746325,0.117521176384615,-3.64374436493574,0.00105353171310401,0.0680339857011471,-0.751049017747078
"16547","H45384","","",-0.604926460425,0.141908935615385,-3.64250016205211,0.00105701037101498,0.0680339857011471,-0.753893640151685
"16606","N45453","Hs.36958_BCAR","",0.48973710855,0.158433974884615,3.64090094867555,0.00106149802006429,0.0680339857011471,-0.757549500438894
"9110","H21441","Hs.31824","",-0.7894128316375,0.374968345923077,-3.64055211333385,0.00106247936823708,0.0680339857011471,-0.758346887503904
"5444","R19550","Hs.517478_CABIN","",0.4910759011875,-0.187655760423077,3.63914146238896,0.00106645684110344,0.0680339857011471,-0.761571199793252
"7295","","","--UNRESOLVE",1.3087884865,2.05150542538462,3.63832605349581,0.00106876257285076,0.0680339857011471,-0.763434803205715
"3826","AA203723","","",-0.6520280181875,-0.0624280696923077,-3.63544669816254,0.00107694339525197,0.0680339857011471,-0.770014526859786
"8907","AA028188","Hs.58617_ROCK","",-0.58988420265,-0.0188164547692308,-3.63504430590632,0.00107809151298725,0.0680339857011471,-0.770933924923617
"8385","BM835954","","",0.937602770375,-0.537107926769231,3.63181962054351,0.00108733539156658,0.0680339857011471,-0.778300685980601
"547","R86152","Hs.434948","",-0.5581935635,0.1222488774,-3.63997819060527,0.00110551856820287,0.0680339857011471,-0.78788815351542
"15514","W31098","Hs.513070_MESDC","",0.9364570930625,-0.0801725199615385,3.62636365048564,0.00110315134244909,0.0680339857011471,-0.790760332676073
"5360","W87279","Hs.290831","",-0.6841457758,-0.112419922807692,-3.62262038486642,0.00111413163749416,0.0680339857011471,-0.799305465100209
"8746","H38493","Hs.182859_FAIM","",1.028119908875,0.239771597692308,3.6220669091755,0.0011157641673873,0.0680339857011471,-0.800568714369871
"17451","W04808","Hs.530791","",0.997826161,0.220946427307692,3.62187414348531,0.00111633329440915,0.0680339857011471,-0.801008667825425
"9724","AA146984","Hs.7370_PITPN","",-0.707256735975,0.0853993456538462,-3.61938446998617,0.00112370929697802,0.0680339857011471,-0.806690269337348
"17054","","","--BLANK",1.029389436375,0.112689455384615,3.61491353800776,0.00113707419753862,0.0680339857011471,-0.816890263225865
"807","R13896","Hs.309068_TIMP","",1.9417610173,-0.4955801655,3.61375318330277,0.00114056801560025,0.0680339857011471,-0.81953687306414
"3054","AA099602","","",-0.5135913380625,0.489700288961538,-3.60975029783437,0.00115270096077541,0.0680339857011471,-0.828664918777619
"13774","AL698489","","",1.4023929025,-0.495160813076923,3.60797418433504,0.00115812455200407,0.0680339857011471,-0.832714119261964
"16179","","","--BLANK",1.1789641073125,-1.12026905326923,3.60442973832294,0.00116902222202323,0.0680339857011471,-0.840792957507497
"3975","","","--UNRESOLVE",-0.860777735875,0.0888416440769231,-3.60336001328806,0.00117233070879175,0.0680339857011471,-0.843230698085043
"16964","H42139","Hs.518417_STX","",1.15168426975,0.342808190384615,3.60300408682774,0.00117343354836878,0.0680339857011471,-0.84404175105795
"11293","BQ016724","Hs.247077_RHO","",1.465173664,0.627699797692308,3.60222208427389,0.00117586012918321,0.0680339857011471,-0.845823621160024
"8830","W23999","Hs.14968_PLAG","",-0.641003090625,0.0250729061153846,-3.60114207211753,0.00117921946485326,0.0680339857011471,-0.848284340016121
"12911","R20318","Hs.428360_KIAA198","",-0.6096538602375,-0.0797387335,-3.59866710896732,0.00118695295864719,0.0680339857011471,-0.853922482936923
"17063","","","--BLANK",0.430063116875,0.179616716769231,3.59782037933835,0.00118961002529164,0.0680339857011471,-0.855851119139629
"9106","H49664","Hs.543294_LRRC","",-0.665093129562501,-0.345576121730769,-3.5962781606866,0.00119446441996694,0.0680339857011471,-0.859363543569887
"4914","N98940","Hs.240845_SGE","",0.699837038750001,1.54397368692308,3.59599663249885,0.001195352653022,0.0680339857011471,-0.860004677704706
"17405","N43838","Hs.213394_EPB41L","",0.9441009342,0.511371181076923,3.59575779181633,0.00119610670845795,0.0680339857011471,-0.860548585901014
"10576","H16614","Hs.519827_LOC28576","",-0.612569541225,0.0675511820769231,-3.5922740417905,0.00120715810530663,0.0680339857011471,-0.868480804536188
"11026","T97051","Hs.76394_ECHS","",0.7292896199375,-0.717990963730769,3.58914019563388,0.00121718423282148,0.0680339857011471,-0.875614281904598
"508","H03673","Hs.411501_KRT","",2.572735504875,-0.140700493846154,3.58869306324903,0.00121862132439811,0.0680339857011471,-0.876631917791507
"2533","N72344","Hs.474270_SERPIND","",-0.67867628175,-1.84932477961538,-3.58759135233748,0.0012221692814351,0.0680339857011471,-0.879139151200413
"1374","H78262","","",-0.70133538415,-0.0720403932307692,-3.58689194489078,0.00122442686323727,0.0680339857011471,-0.880730712657625
"7383","H88020","","",-0.6493844289375,0.0925090939615385,-3.58597528476736,0.00122739183904472,0.0680339857011471,-0.882816504683743
"10615","BG574744","Hs.546273_PEX1","",0.5632134968625,-0.440584956653846,3.58546219436903,0.00122905449501652,0.0680339857011471,-0.883983931184194
"15823","BM789378","Hs.437385_FLJ1042","",0.695284658625,0.231430964230769,3.58518539173494,0.00122995237504767,0.0680339857011471,-0.884613714208133
"706","AA203710","Hs.172685_XPO","",-0.757333637875,-0.0598824684615385,-3.58502401740273,0.00123047612790049,0.0680339857011471,-0.884980867059163
"666","AI751442","Hs.436416_ITGA1","",0.3938603359375,-0.347993285653846,3.58443364829113,0.00123239406321187,0.0680339857011471,-0.886324008829087
"1681","H01124","Hs.151435_ADAMTS","",-0.524804978333333,0.159512884,-3.59594292036354,0.00124043006069944,0.0680339857011471,-0.886938699341596
"7571","R87913","Hs.117780_KCNS","",0.3975407051875,-0.260812392038462,3.58351231774928,0.0012353929983242,0.0680339857011471,-0.888419978942437
"3802","W85976","Hs.500526_BTAF","",-0.6234074055,-0.124385558461538,-3.58323467285302,0.00123629812289286,0.0680339857011471,-0.889051570918741
"16989","N59520","Hs.307687","",-0.647724305,-0.0919258973076923,-3.58277501624754,0.00123779802327318,0.0680339857011471,-0.890097173007277
"7229","N40634","Hs.82101_PHLDA","",0.946413342025,-0.0319061559230769,3.58261420825232,0.0012383231713037,0.0680339857011471,-0.89046296046599
"3226","H00498","Hs.518155_PPP2R3","",-0.6317087756125,0.0215320598846154,-3.58125909507651,0.00124275714650042,0.0680339857011471,-0.893545211314415
"18384","R52300","Hs.175934_GABRA","",-0.637979424466667,-0.0319383011818182,-3.63496550556744,0.00127341482321007,0.0680339857011471,-0.896398418839738
"11186","W23921","","",-0.5389875021625,0.123174032884615,-3.57978139685935,0.00124760980054089,0.0680339857011471,-0.8969058695901
"9749","W68477","Hs.525264_C1R","",-0.560403425775,0.156282052269231,-3.57924074954629,0.00124938984169948,0.0680339857011471,-0.898135329199264
"17347","BM477473","Hs.481836_PIP3A","",-0.3799947795,0.226039881769231,-3.57868501492878,0.00125122212751068,0.0680339857011471,-0.899399037371126
"4429","R75917","","",0.56906796425,-0.110468618192308,3.5782175181788,0.00125276550943109,0.0680339857011471,-0.900462050056276
"6092","W07856","Hs.510927_WBSCR20","",0.443392851875,-0.961816420384615,3.57794693591409,0.00125365964747872,0.0680339857011471,-0.901077290832121
"17126","AA150375","Hs.157113_COQ","",-0.5415614146,0.118683635269231,-3.57657241310462,0.00125821133253652,0.0680339857011471,-0.90420240836194
"8831","W24200","Hs.50802_FLJ1471","",-0.5027633576125,0.00911928934615385,-3.57478361566266,0.00126415891371284,0.0680339857011471,-0.908268855671641
"11744","","","--UNRESOLVE",-0.595272204375,-0.307253866538462,-3.57454472220806,0.00126495527538336,0.0680339857011471,-0.908811880209417
"1341","BQ051467","Hs.109051_SH3BGRL","",1.2639212337125,-0.542618130115385,3.57412293357553,0.00126636251562417,0.0680339857011471,-0.909770612659913
"11893","BE709356","Hs.309288_CUGBP","",0.618287261000001,1.50713598230769,3.57330956172845,0.00126908051364756,0.0680339857011471,-0.911619319440984
"1118","AA136193","Hs.83286_KDELC","",1.1412274214,-0.395367479615385,3.57314409533726,0.00126963413621326,0.0680339857011471,-0.911995390518178
"10952","R59287","Hs.515271_SFRS1","",1.0165822697,-0.422909808153846,3.57309257869594,0.00126980655005425,0.0680339857011471,-0.912112476127411
"14281","N31177","","",-0.915574982,-0.0401938461538461,-3.5697955459338,0.0012808883432988,0.0680339857011471,-0.919604772664759
"8901","BM807131","Hs.505516_KIAA146","",-0.4524998128125,0.189455653730769,-3.56878350800098,0.00128430874198789,0.0680339857011471,-0.921904125510353
"13376","R39664","Hs.511367_CYP19A","",0.4958747373125,-0.0971849975,3.56778964775121,0.00128767633514197,0.0680339857011471,-0.924161977653974
"9382","BI826649","Hs.387856_KIAA104","",0.640797977874999,-0.569689598846154,3.56706765252298,0.00129012811631199,0.0680339857011471,-0.925802081725676
"628","N51794","","",-0.608364752035714,-0.0788076870909091,-3.62410638666494,0.0013087063292602,0.0680339857011471,-0.926078316777236
"14338","AA029534","Hs.29341_C20orf8","",0.883909377525,0.0297738179230769,3.56651081989394,0.00129202212664346,0.0680339857011471,-0.927066926019973
"9355","T89217","Hs.517227_JAM","",-0.5801202234875,0.0417992366923077,-3.56604877008538,0.00129359579185993,0.0680339857011471,-0.928116423742991
"4018","R82575","","",-0.6218020550625,0.051133413,-3.56600642717986,0.00129374009783508,0.0680339857011471,-0.928212599057046
"1233","BM545369","Hs.458334","",0.91755646175,0.327956609807692,3.56546109843782,0.00129559999294981,0.0680339857011471,-0.929451195941525
"11994","BQ020004","Hs.7236_NOSI","",0.817935594875001,1.01167685846154,3.56498948609238,0.00129721056431542,0.0680339857011471,-0.930522313379792
"4913","W01395","Hs.46473","",-0.419848399925,0.0552146421923077,-3.56315763813606,0.00130348484124842,0.0680339857011471,-0.934682346092958
"7893","R28674","","",-0.521156656575,-0.115457701461538,-3.5629212601249,0.00130429660432893,0.0680339857011471,-0.935219098879374
"11236","W90576","Hs.408142_KIAA110","",-0.7561922744625,0.0335176894230769,-3.56214392007744,0.00130696958687419,0.0680339857011471,-0.936984155355955
"5259","BE873873","","",1.972912558375,-1.06491820207692,3.56123559145502,0.00131009972777446,0.0680339857011471,-0.939046483795798
"1067","W31774","Hs.173724_CK","",0.6679794189375,-0.393321655192308,3.5602774122703,0.00131340954265436,0.0680339857011471,-0.941221814465639
"17445","W20196","Hs.325531_CHURC","",-0.744810169,0.569489312608696,-3.60045521377769,0.00132895457539377,0.0680339857011471,-0.942517736293139
"17680","BQ083342","Hs.522767_SLC25A","",1.3614611100625,-0.617570843423077,3.55956122516413,0.00131588874944613,0.0680339857011471,-0.942847634500288
"4061","H38584","Hs.188553_RBBP","",0.714555824875,0.19355689792,3.57018995552236,0.00132661817787098,0.0680339857011471,-0.945926584963674
"10306","BE874451","","",2.2212466628125,-0.702266146730769,3.55563086211271,0.00132957546238237,0.0680339857011471,-0.951768110786417
"1440","","","--BLANK",-1.15061278503333,-1.13392905732,-3.56649786008609,0.00133944237850037,0.0680339857011471,-0.952976112629157
"10263","R48681","Hs.25590_STC","",-0.469027534475,-0.487089326307692,-3.5548794826923,0.00133220767833583,0.0680339857011471,-0.953473106115514
"15775","R55296","Hs.526464_PM","",-0.5851676204125,-0.0268297549230769,-3.55465458319556,0.00133299652428359,0.0680339857011471,-0.953983415165462
"11591","","","--BLANK",-0.717334998875,0.0490452176153846,-3.55393191744446,0.00133553437947899,0.0680339857011471,-0.955623112531107
"11567","","","--UNRESOLVE",-0.8826879847625,0.308605856692308,-3.55139727317313,0.0013444726523834,0.0680339857011471,-0.961373264925547
"9327","","","--BLANK",-0.4624754552375,0.0459752526538462,-3.54924781707297,0.00135209804640636,0.0680339857011471,-0.966248536983117
"12130","R14993","Hs.471492_EIF2C","",-0.4672782592,0.316652315884615,-3.54891165050097,0.00135329441698983,0.0680339857011471,-0.967010924637546
"2767","BG207185","Hs.130171_RGS","",-0.5834127120625,-0.0715500365416667,-3.5736779232351,0.00136600441220569,0.0680339857011471,-0.969647456996195
"18740","","","--BLANK",1.422403656375,-0.907643407,3.54450833781977,0.00136906035769156,0.0680339857011471,-0.976994987019085
"12208","AA460964","Hs.120949_CD3","",-0.50908085125,0.693030066153846,-3.54197036956449,0.00137822828682491,0.0680339857011471,-0.982747750542748
"714","BF435346","Hs.177532","",-0.584830201475,0.054280506,-3.54185780201721,0.00137863629213235,0.0680339857011471,-0.98300287431281
"5903","T72705","Hs.515423","",-0.6847398220625,0.288344225461538,-3.53860002912845,0.00139049510745196,0.0680339857011471,-0.9903851706434
"2579","N95487","Hs.501991_MLSTD","",-0.5370422260875,-0.0458115008461538,-3.53807158430336,0.00139242803514122,0.0680339857011471,-0.991582448304103
"7119","R24654","Hs.391828_PARD6","",-0.654563200975,-0.0881682495769231,-3.53759175232311,0.00139418540592531,0.0680339857011471,-0.992669535294143
"6506","W63727","Hs.78183_AKR1C","",1.368486806,0.328119245769231,3.5369429021693,0.00139656522276841,0.0680339857011471,-0.994139466405353
"12028","AA044191","Hs.506670_SELPL","",-0.58336253075,0.240940574384615,-3.53652669697182,0.00139809383108875,0.0680339857011471,-0.99508230811971
"3823","AA031853","Hs.80919_SYP","",1.30413577925,1.66353147192308,3.53593929774499,0.00140025395012245,0.0680339857011471,-0.996412899161217
"18193","N22681","Hs.421767_EPB41L4","",-0.7337296123125,-0.0490370032692308,-3.53586072659906,0.0014005431352887,0.0680339857011471,-0.996590874976721
"18327","","","--BLANK",-0.6193242063125,0.0571969125,-3.53514916150429,0.00140316472655535,0.0680339857011471,-0.99820262145032
"10665","R66240","","",-0.675653820666667,-0.5653341284,-3.54503572097785,0.00141641000669999,0.0680339857011471,-1.00100797987785
"1287","H03162","Hs.475319_LRRFIP","",-0.6123158587875,0.0486891493461538,-3.5324017250993,0.00141333173588476,0.0680339857011471,-1.00442477078747
"16597","AV717735","","",1.850834323225,-0.933172710461538,3.53236231892584,0.00141347807861108,0.0680339857011471,-1.0045140028905
"7072","T82029","Hs.334831_FRS","",-0.74798489045,-0.0297150434230769,-3.52933319885294,0.00142477141189837,0.0680339857011471,-1.01137222665554
"17389","BQ003803","Hs.410683_HOMER","",0.5526601304625,0.191772881423077,3.52672256358649,0.00143457468691573,0.0680339857011471,-1.01728141337485
"8553","AA150082","","",-0.842327707375,-0.129910014230769,-3.52599249862246,0.00143732785806974,0.0680339857011471,-1.01893366252756
"2567","N78422","Hs.401954_ARG9","",-0.542734524775,0.143924154115385,-3.52578818756193,0.00143809925903678,0.0680339857011471,-1.01939602971877
"17975","R14829","","",-0.5380741571875,-0.3145572906,-3.53554858070973,0.00145178676150029,0.0680339857011471,-1.02306331187757
"6591","AA147516","Hs.420541_KIAA120","",-0.8066125733,0.171197883115385,-3.52387547642433,0.00144534042623887,0.0680339857011471,-1.02372417323788
"11817","R28238","Hs.381282_TYRO","",-0.59436350365,0.0131412263076923,-3.52323376194225,0.00144777774762414,0.0680339857011471,-1.02517609204547
"12964","T97533","Hs.420024_C10orf4","",-0.497197020075,-0.304684266269231,-3.52283040516386,0.00144931179215454,0.0680339857011471,-1.02608866720732
"12839","AA054744","Hs.8379","",-0.7278570513125,0.213674527423077,-3.52243467642922,0.00145081835715591,0.0680339857011471,-1.02698395084541
"17125","AA115138","Hs.513530_TGFB1I","",-0.6122988590625,0.186394267115385,-3.52229762307605,0.00145134048206614,0.0680339857011471,-1.02729400810637
"121","BM910117","Hs.491308_RAB2","",0.738237360500001,1.17309469615385,3.52195250831561,0.00145265605456619,0.0680339857011471,-1.02807474729528
"15300","","","--BLANK",-0.698959551725,0.164737082192308,-3.52165065871109,0.00145380764864859,0.0680339857011471,-1.02875758879635
"13554","","","--BLANK",1.132956657375,-0.109807201153846,3.52092631496928,0.00145657472220331,0.0680339857011471,-1.03039611406929
"8145","","","--BLANK",0.660209413125,-0.0761649852307692,3.52091418799937,0.00145662109200367,0.0680339857011471,-1.03042354532901
"7152","H14191","Hs.500721_MMS19","",0.64268829475,-0.0659955949230769,3.52084552586847,0.00145688366184937,0.0680339857011471,-1.03057885878573
"4234","AA114919","Hs.473583_NSEP","",0.6897224185625,-0.554750998730769,3.52014796074994,0.0014595538127068,0.0680339857011471,-1.03215669154757
"15702","R08943","","",-0.699729242875,-0.115825585,-3.51698365841051,0.00147172586676363,0.0680339857011471,-1.03931277627054
"18599","N50290","Hs.471040_FLJ3897","",-0.4181729263375,0.134520141961538,-3.5162081177353,0.00147472410281589,0.0680339857011471,-1.0410663403392
"11753","BM465298","Hs.523145_DDOS","",1.1256424860625,-0.851170685653846,3.51585577588974,0.00147608820961445,0.0680339857011471,-1.04186297319971
"17487","W86321","","",-0.817257711555555,0.3667057575,-3.53893641263022,0.00149372935672686,0.0680339857011471,-1.04261588589071
"18286","","","--UNRESOLVE",-0.563366744625,0.0772630180384615,-3.51499496855602,0.00147942600866644,0.0680339857011471,-1.04380911787654
"9208","N53255","Hs.519574_APXL","",-0.5616967661875,0.330461783576923,-3.5138420060255,0.00148390810898646,0.0680339857011471,-1.04641553013139
"13779","AL708958","Hs.529925_C6orf13","",-0.440294124525,-0.275393186576923,-3.51291410390325,0.0014875248507303,0.0680339857011471,-1.04851295982982
"16406","BE879639","","",1.7913917173,-0.18772858792,3.52202071034549,0.00150371907326227,0.0680339857011471,-1.05241689488975
"6697","T99601","","",-0.75444241975,-0.0998623023076923,-3.5111802621868,0.00149430586365384,0.0680339857011471,-1.05243164193897
"6820","H79626","Hs.485628_ZNF45","",-0.4926153377125,-0.0973220107307692,-3.50856800433562,0.00150457894212281,0.0680339857011471,-1.05833443023024
"16782","H88011","Hs.498418","",-0.5294329964,0.173027736538462,-3.50841365553414,0.00150518807760799,0.0680339857011471,-1.05868315870083
"4731","BF743825","Hs.99145_KIAA142","",-0.8522504404375,0.110831307,-3.50779620794324,0.00150762721730913,0.0680339857011471,-1.06007813978137
"11104","","","--BLANK",1.50073815375,0.294144761538462,3.50775942052579,0.00150777266165447,0.0680339857011471,-1.06016124992119
"2212","BQ072702","Hs.424126_SERF","",1.0526764459875,-0.695398721461538,3.50601828604195,0.00151467205950105,0.0680339857011471,-1.06409448856477
"1343","H52016","","",0.5312034486375,0.308242452730769,3.50437312582319,0.00152121925327469,0.0680339857011471,-1.06781032106629
"2227","W47640","Hs.8769_TM4SF1","",-0.5791873916875,0.0716721267307692,-3.5034022800262,0.00152509575526071,0.0680339857011471,-1.07000284317163
"6515","W31604","Hs.496459_LAP1","",1.12185834125,0.6696254884,3.51386025649722,0.00153591370883075,0.0680339857011471,-1.07124089034249
"3656","H04132","Hs.533473","",-0.719275432125,-0.187790789153846,-3.50234741468465,0.0015293185892448,0.0680339857011471,-1.07238488135966
"1000","N29110","Hs.42572_FLJ3850","",-0.42296839045,0.186008611923077,-3.50223171463566,0.00152978244818329,0.0680339857011471,-1.07264613414692
"1313","H18808","Hs.268806","",-0.701976560952381,-0.0538307239130435,-3.53769721718767,0.00155889387920584,0.0680339857011471,-1.07431268514006
"3212","R25602","Hs.75639_LOC9113","",0.3804687729625,0.244096552615385,3.50092558259094,0.00153502839268158,0.0680339857011471,-1.07559520307789
"516","R78346","","",-0.787184313125,0.822320974230769,-3.49964696472293,0.00154018070873502,0.0680339857011471,-1.07848179129319
"11426","","","--UNRESOLVE",-0.840325099625,-0.218183364230769,-3.49851677621961,0.00154474886025866,0.0680339857011471,-1.08103299282881
"9948","","","--UNRESOLVE",-0.6555882437625,-0.0370359305384615,-3.4978677730055,0.0015473780206708,0.0680339857011471,-1.08249787813317
"12137","BE790925","Hs.157277_ZNF49","",-0.490196729325,-0.0902054560384615,-3.497259958494,0.00154984425314158,0.0680339857011471,-1.08386971226246
"2594","W01422","Hs.546233_AMP","",-0.5737392111625,0.120315682807692,-3.49519213919022,0.00155826305948293,0.0680339857011471,-1.08853616855598
"13435","R87181","Hs.156316_DC","",2.63098448680556,3.218541516,3.50486725413487,0.00157216776913869,0.0680339857011471,-1.09119067284206
"8867","W33113","Hs.177576_MGC5211","",0.64393362575,0.725603809615385,3.49316688861758,0.00156655148322406,0.0680339857011471,-1.09310565807182
"137","H49130","Hs.536626_ID2","",-0.5624613818125,-0.0978278171153846,-3.49133239497888,0.00157409607122595,0.0680339857011471,-1.09724397878168
"2255","AV711358","","",1.420964657125,0.14603773,3.48923774668933,0.0015827536111557,0.0680339857011471,-1.10196826739841
"12997","H03878","","",-0.6431362931875,-0.196527288423077,-3.4883354131296,0.00158649730521562,0.0680339857011471,-1.10400310280315
"15116","","","--BLANK",0.6936755278875,-0.0530040302692308,3.48803293366168,0.00158775418109807,0.0680339857011471,-1.10468517863983
"2969","","","--BLANK",0.553120428775,-0.639435232076923,3.48748516738668,0.00159003273809337,0.0680339857011471,-1.10592031273281
"11775","T84382","Hs.133331_WDR3","",-0.807745303775,-0.0278882186923077,-3.48701232796817,0.00159200216615639,0.0680339857011471,-1.10698644464638
"15694","T85234","Hs.130031_TRI","",-0.758853679675,-0.0192868545,-3.48508094878999,0.00160007113031951,0.0680339857011471,-1.11134070099692
"4556","BG958992","Hs.303208_SH2D4","",-0.547816723825,0.126018937307692,-3.48491876454455,0.00160075050717768,0.0680339857011471,-1.11170630489451
"16389","","","--BLANK",-0.6009266809,-0.013222832,-3.48227005260378,0.00161188535862048,0.0680339857011471,-1.11767634579172
"12391","W25584","Hs.515255_LSM","",1.181678826875,-1.59379929961538,3.482243780416,0.00161199617832054,0.0680339857011471,-1.11773555401925
"8186","R14123","Hs.480281_GRID","",-0.6981839693125,-0.204754707423077,-3.47784306686195,0.00163066346753906,0.0680339857011471,-1.12765105710436
"14440","H88581","","",-0.5604682455125,0.046527474,-3.47593870224423,0.00163880626897291,0.0680339857011471,-1.13194056352033
"14337","AA029537","Hs.252474","",0.7834830206875,-0.124963711653846,3.47467437221656,0.00164423409643375,0.0680339857011471,-1.13478797297234
"430","H15520","Hs.518410","",-0.9021357,-0.611955532,-3.48435819230477,0.00165797992112915,0.0680339857011471,-1.13631802158983
"15591","","","--BLANK",-0.6347247660125,0.165628280192308,-3.47138558088617,0.00165843465864173,0.0680339857011471,-1.14219302669616
"9054","T99865","","",-0.579167455875,-0.150691408076923,-3.46976631521438,0.00166546997096967,0.0680339857011471,-1.1458380858632
"1677","H03782","Hs.494928_PAPP","",-0.659503898575,0.0288177712307692,-3.46918634937523,0.00166799679879979,0.0680339857011471,-1.14714347969082
"11430","R23024","Hs.442655","",-0.576866241,-0.345524978846154,-3.46913882826433,0.00166820400583003,0.0680339857011471,-1.14725043742886
"16885","T87401","Hs.131704_NRP","",-0.68232282235,0.07648703,-3.46885538849935,0.00166944041009099,0.0680339857011471,-1.14788837660536
"467","R07554","Hs.444301_FLJ1098","",-0.563885351214286,0.237103063458333,-3.4902544867385,0.00169242265421101,0.0680339857011471,-1.14839110610429
"897","R82801","Hs.485489_CLIC","",1.15621823805556,2.4626444968,3.47883200003047,0.00168186820004935,0.0680339857011471,-1.14885559616913
"8375","H52447","","",-0.649673033,-0.188401206538462,-3.46783813544975,0.00167388511857363,0.0680339857011471,-1.1501777648871
"1151","","","--BLANK",-0.62453406715,0.0116316251923077,-3.46761779585712,0.00167484936150878,0.0680339857011471,-1.15067362172119
"2178","H85302","Hs.432397_KIAA093","",0.860983250625,0.309650401538462,3.46705117092297,0.00167733147623603,0.0680339857011471,-1.15194871647063
"5713","AV751900","","",1.405619616125,0.707061088846154,3.46600114758806,0.00168194054341827,0.0680339857011471,-1.15431142859923
"2051","BE741477","Hs.31181_GPR15","",-0.5227673924375,0.187260369269231,-3.46497525022604,0.00168645554520298,0.0680339857011471,-1.1566196150905
"2135","H60334","","",0.528847634,0.332989488846154,3.46412242143064,0.00169021779268034,0.0680339857011471,-1.15853823160887
"17424","N78467","Hs.506652_PWP","",-0.518345895625,0.204666133884615,-3.46380450710808,0.00169162234614339,0.0680339857011471,-1.15925340452741
"11244","AA053314","Hs.4865_SCN3","",-0.6359099285,0.312002267230769,-3.46241882364192,0.00169775753058596,0.0680339857011471,-1.16237034185573
"8369","H60356","Hs.159368_NEUR","",0.852617099125,0.754745149615385,3.46185580266741,0.00170025648095562,0.0680339857011471,-1.1636366702024
"2588","W04892","Hs.480653_ANXA","",1.4930201585,0.298746955,3.46160858419286,0.00170135487622906,0.0680339857011471,-1.16419268337842
"1452","AI768823","Hs.169487_MAF","",0.984081799000001,2.44768127538462,3.46041694777874,0.001706658971542,0.0680339857011471,-1.16687257148573
"14983","H18273","Hs.533709_BSCL","",0.863838760125,-0.575982528846154,3.45997235971761,0.00170864197341377,0.0680339857011471,-1.16787233000253
"4126","AV696076","Hs.158209_NT5C","",-0.7037610351125,-0.189320011615385,-3.45991609111218,0.00170889310786559,0.0680339857011471,-1.1679988597294
"13530","W38749","","",1.363780945,2.01634296730769,3.4598167854498,0.00170933640969566,0.0680339857011471,-1.16822216400866
"9146","BQ054257","Hs.406062_NDUFA1","",-0.53527840075,-0.219432280769231,-3.45971312136642,0.0017097992862642,0.0680339857011471,-1.16845526650664
"11046","R10780","","",-0.717901531333333,-0.3590002368,-3.46835566349179,0.00172807370303339,0.0680339857011471,-1.17187963470608
"5165","R22345","Hs.314338_WDR","",-1.331875327375,-0.942622078076923,-3.45813086069617,0.00171687940003845,0.0680339857011471,-1.17201288957148
"10578","H09403","Hs.27261","",-0.670892949825,-0.101538075692308,-3.45805672119441,0.00171721184545213,0.0680339857011471,-1.17217957416665
"12187","","","--BLANK",0.699608231875,0.484453747692308,3.45675514777049,0.0017230583222837,0.0680339857011471,-1.17510564248473
"13674","R12730","Hs.21145_ODA","",-0.62838830705,-0.275907858346154,-3.45673877307077,0.00172313199754145,0.0680339857011471,-1.17514245202276
"11934","BM923884","Hs.523836_GSTP","",0.6294335163375,-0.256545514038462,3.45513891870483,0.00173034499099367,0.0680339857011471,-1.17873855533035
"18446","T99984","Hs.76838_SERPINA","",-0.573260200375,-0.600236786923077,-3.45510868634756,0.00173048157530501,0.0680339857011471,-1.17880650511443
"16058","","","--UNRESOLVE",-0.6750820278,0.0914166767692308,-3.45503372972922,0.00173082026070721,0.0680339857011471,-1.17897497557142
"5978","","","--UNRESOLVE",1.1974513842875,-0.738381781038462,3.45455616008104,0.00173297962661079,0.0680339857011471,-1.18004831824583
"15263","R24750","","",-0.67450902275,-0.0402433415384615,-3.45408934191352,0.00173509289738898,0.0680339857011471,-1.18109744691944
"5763","AA040090","Hs.65377_MARCH-I","",-0.3778709635,0.0130786179615385,-3.45276365330921,0.00174110784672461,0.0680339857011471,-1.18407653444167
"18270","AA002029","Hs.486489_ENPP","",-0.742039837575,0.303644212653846,-3.45274371954617,0.00174119844445602,0.0680339857011471,-1.18412132655288
"15432","BQ130731","Hs.433670_FT","",2.215745375625,0.0795890507692308,3.45051562530255,0.00175135378622377,0.0680339857011471,-1.18912739122483
"7409","BQ049843","Hs.401218","",1.2055956375,0.264346082692308,3.44965764358344,0.00175527960393729,0.0680339857011471,-1.19105479683708
"6083","R84742","","",-0.6246226177125,0.0406439070384615,-3.44945619195797,0.00175620260761439,0.0680339857011471,-1.19150732181194
"17323","H50885","","",0.507312511000001,0.446880253461538,3.44698966971353,0.00176754175520427,0.0680339857011471,-1.19704717230379
"3934","H17247","Hs.474384_KIAA037","",0.733679011875,0.0394015285384615,3.44605122881616,0.00177187454191394,0.0680339857011471,-1.19915456189517
"16395","BQ002852","Hs.513071_MESDC","",-0.6098777011125,0.127625547269231,-3.44588064540554,0.00177266322883299,0.0680339857011471,-1.19953760725431
"9113","","","--BLANK",0.87292043185,0.101237063615385,3.44585956832458,0.00177276070160062,0.0680339857011471,-1.19958493541649
"15879","","","--UNRESOLVE",1.6280254125,2.96818089230769,3.44577199602181,0.00177316574272766,0.0680339857011471,-1.19978157617744
"9996","N45540","","",-0.8165570073125,0.476361427615385,-3.44513908943486,0.00177609573638678,0.0680339857011471,-1.20120269524906
"2691","AI688522","Hs.32949_DEFB","",-0.513892148125,0.149416568576923,-3.44506036746587,0.00177646050106221,0.0680339857011471,-1.20137944998831
"3881","T87708","Hs.296276","",-0.69439593665,0.221107697,-3.44440011662799,0.00177952268023408,0.0680339857011471,-1.20286185793537
"17514","AA029852","Hs.297389_FLJ2025","",-0.544789233659722,0.22034740568,-3.45251793102169,0.00180026900369954,0.0680339857011471,-1.20699777105414
"4836","R96472","Hs.353454_FLJ1027","",0.8405260894375,0.288153058269231,3.44228674450827,0.00178935864839267,0.0680339857011471,-1.20760617094595
"17177","T40553","Hs.19987_FLJ1421","",-0.684266546925,0.0874060065,-3.44173659196269,0.0017919277562322,0.0680339857011471,-1.20884104151514
"9400","H19375","Hs.101742_C16orf4","",0.5564353174375,-0.577667595192308,3.44130013367126,0.00179396847023114,0.0680339857011471,-1.20982066494917
"2000","R60600","Hs.445570_CD6","",1.969614537125,0.0835454003846154,3.44115585402014,0.00179464356138537,0.0680339857011471,-1.21014448863159
"7875","R01950","","",-0.723414867,-0.235634357692308,-3.4408149715343,0.00179623954215029,0.0680339857011471,-1.21090955205006
"3459","W61100","Hs.150749_BCL","",-0.610908136225,-0.0196872078461538,-3.44048720179744,0.00179777542426164,0.0680339857011471,-1.21164516056228
"1405","N79627","Hs.332132","",-0.5590302343,0.181609861076923,-3.44034236956275,0.00179845449181154,0.0680339857011471,-1.21197019742907
"3353","N45520","Hs.467740_LPIN","",-0.4933073915625,0.189086932076923,-3.43912769512736,0.00180415944409783,0.0680339857011471,-1.2146960166703
"15184","AA133449","","",-0.6289652510625,0.243579422884615,-3.4387547991507,0.00180591432911348,0.0680339857011471,-1.21553275475365
"4280","W61184","Hs.478429_ATP11","",-0.421751857725,-0.181901992653846,-3.43823274837397,0.00180837392387573,0.0680339857011471,-1.21670412626446
"7473","BI766383","Hs.532968_DKFZp762E131","",-0.724546555750001,-1.67233869153846,-3.43736964347952,0.00181244746896911,0.0680339857011471,-1.21864061345423
"3989","","","--UNRESOLVE",-1.0849884885625,0.271642997269231,-3.43673177241217,0.00181546369035654,0.0680339857011471,-1.22007164921242
"3540","H16647","Hs.415702_SLC27A","",0.7497002544,0.117298150807692,3.43643144483694,0.00181688549154072,0.0680339857011471,-1.22074538847906
"3002","N94625","Hs.82933_AD-02","",0.8526233875,0.996938340384615,3.43633732955579,0.0018173312705642,0.0680339857011471,-1.22095651752731
"7657","W05747","Hs.49265","",1.065396971625,1.11424436211538,3.43599593484303,0.00181894918140128,0.0680339857011471,-1.22172235200457
"4059","R92281","Hs.465413_CYB","",1.93979450375,2.59051679461538,3.43475437919414,0.00182484481146243,0.0680339857011471,-1.22450724782107
"2842","BQ025541","Hs.90303_TSC","",0.4360828018375,-0.153991470115385,3.43460545435091,0.00182555323295697,0.0680339857011471,-1.2248412727138
"3242","H49947","Hs.75850_WASF","",-0.5704911764375,-0.0466812341923077,-3.43334531134379,0.00183155826592865,0.0680339857011471,-1.22766745382609
"18258","W37267","Hs.127535_FRMD","",0.634979417875,0.635251237846154,3.43294766784303,0.0018334571396398,0.0680339857011471,-1.22855919111904
"416","R20383","Hs.445265_LHX","",-0.666115405125,-0.245126753384615,-3.43272638011102,0.00183451468265904,0.0680339857011471,-1.22905542511386
"5390","AA131244","","",-0.670909372875,0.0735558676153846,-3.43271621607672,0.00183456327115,0.0680339857011471,-1.22907821751663
"1640","W03663","Hs.19383_AG","",-0.6954230865,-0.143211708615385,-3.43247697879374,0.00183570728836766,0.0680339857011471,-1.22961468976434
"13963","W86352","","",-0.84753112225,0.236868626307692,-3.43220221720165,0.00183702203128093,0.0680339857011471,-1.2302308063517
"17864","W31173","","",0.6019934813,0.026948174826087,3.46490598725733,0.0018743257857878,0.0680339857011471,-1.23297663691234
"3808","BM715797","","",-0.81614182915,-0.121719839230769,-3.43092951559766,0.00184312382962062,0.0680339857011471,-1.23308444355596
"16151","H22629","Hs.413238_PGAM","",-0.60840985025,-0.0474596116923077,-3.430067383513,0.00184726833146163,0.0680339857011471,-1.23501729309572
"18580","BM476153","Hs.122363_DKFZP434J15","",0.577808594625,-0.656312759230769,3.42911779684234,0.00185184367509511,0.0680339857011471,-1.23714601109721
"2749","R24757","Hs.530871_PDE1","",-0.8853443525,0.191728133653846,-3.42850405774132,0.00185480664682069,0.0680339857011471,-1.23852173774747
"14087","BM450721","Hs.502914_DPP","",0.6397924620875,-0.592399964192308,3.42686679426194,0.00186273335757236,0.0680339857011471,-1.24219131674033
"8241","T86042","Hs.475319_LRRFIP","",-0.8362975241875,0.496109279730769,-3.42463117681473,0.00187360984905958,0.0680339857011471,-1.24720097154982
"5777","BM553955","Hs.521064_VI","",-0.5721383478375,-0.0951576107307692,-3.42405560874275,0.00187641996088336,0.0680339857011471,-1.24849053731974
"8438","W16610","Hs.133534_KS","",0.4822586062,0.0275937621923077,3.42310566099307,0.00188106682685708,0.0680339857011471,-1.25061873522234
"710","AA203190","Hs.481342_ARGBP","",-0.6886994495,-0.187337343846154,-3.42241886978533,0.00188443333171922,0.0680339857011471,-1.25215724395038
"8354","BQ068114","Hs.448588_NGFRAP","",1.17496289625,-0.1024837445,3.42224997707015,0.00188526209939963,0.0680339857011471,-1.25253557045728
"14103","BM811524","Hs.433381_C6orf8","",0.6818118667875,-0.129174096192308,3.42090290602978,0.00189188488382281,0.0680339857011471,-1.25555282523382
"15788","R83548","Hs.535057","",-0.693864871125,0.0716107971538462,-3.42028652604597,0.00189492276535061,0.0680339857011471,-1.25693329043091
"3390","W51962","Hs.34447","",0.506571178975,0.566527600538462,3.41870709937111,0.0019027286314286,0.0680339857011471,-1.26047022088812
"8601","R56522","","",-0.620106313525,-0.202105908346154,-3.41572681008716,0.00191754255861156,0.0680339857011471,-1.26714261513595
"13160","W37777","","",1.090957450125,1.26972012884615,3.41548735371725,0.00191873763228061,0.0680339857011471,-1.26767862930134
"18007","AW964931","Hs.164502_UNC13","",-0.631225204,-0.543285863833333,-3.43451365120549,0.00195150850541133,0.0680339857011471,-1.27050885604937
"2788","T80718","Hs.14747","",-0.4703566691,-0.0268686763076923,-3.41407607484262,0.00192579564167588,0.0680339857011471,-1.27083745031516
"2012","T82101","Hs.386283_ADAM1","",-0.71848140315,0.0828856589615384,-3.41404206538589,0.001925966036959,0.0680339857011471,-1.27091356682187
"3080","AA149221","Hs.46791_MCART","",-0.454898162875,-0.277499013,-3.4136581752895,0.00192789042581862,0.0680339857011471,-1.2717727316849
"7951","R94806","Hs.258798_C10orf8","",0.63880012,0.256742816153846,3.41329237473523,0.00192972586227576,0.0680339857011471,-1.2725913789454
"2316","AA131892","Hs.32826_C6orf7","",-0.5986185988,-0.140963919884615,-3.41328064080504,0.00192978476623349,0.0680339857011471,-1.27261763849769
"3395","W32118","Hs.191179_RAB11FIP","",1.280996129,2.06721544115385,3.41198014888476,0.00193632396854444,0.0680339857011471,-1.27552782913358
"3867","AA131953","Hs.403933_FBXO3","",-0.7330112621625,0.0751148104615385,-3.41123621318412,0.00194007428335921,0.0680339857011471,-1.27719240023291
"2863","H21648","","",0.784603171375,0.811697231846154,3.41109839789057,0.00194076980504443,0.0680339857011471,-1.27750075037324
"17731","R47871","Hs.467753_C1Q","",1.196104681875,1.04504118461538,3.41063470761499,0.00194311171059094,0.0680339857011471,-1.27853818545126
"18361","R17856","Hs.440695_KBTBD","",0.941985271875,0.321544234230769,3.41013006256467,0.00194566356318833,0.0680339857011471,-1.27966719272691
"876","R36586","Hs.120998_INPP5","",0.4349660295125,-0.308257405923077,3.40987686978448,0.00194694510919462,0.0680339857011471,-1.28023362063731
"5132","T77812","Hs.535297_ARID5","",-0.5448827023125,-0.198337356192308,-3.40931165304177,0.00194980891973109,0.0680339857011471,-1.28149803537905
"7430","BE891135","Hs.436410_TBRG","",-0.5255353255,0.0303198573461539,-3.4089269927258,0.0019517602224773,0.0680339857011471,-1.28235849420509
